{"Anapa-Vityazevo":{"callsign":"Anapa-Vityazevo","cat":4,"desc":{"_origin":"","attributes":{"Airfields":true},"category":0,"displayName":"Anapa-Vityazevo","life":3600,"typeName":"Anapa-Vityazevo"},"id":12,"point":[45.013174733772,37.359783477556,43.00004196167],"runways":[{"Name":22,"course":2.4174582958221,"length":2628.5646972656,"position":{"x":-5412.4096679688,"y":43.00004196167,"z":243128.8125},"width":60}]},"Batumi":{"callsign":"Batumi","cat":4,"desc":{"_origin":"","attributes":{"Airfields":true},"category":0,"displayName":"Batumi","life":3600,"typeName":"Batumi"},"id":22,"point":[41.603279859649,41.60927548351,10.044037818909],"runways":[{"Name":31,"course":0.95011872053146,"length":2070.4143066406,"position":{"x":-355810.6875,"y":10.044037818909,"z":617386.1875},"width":60}]},"Beslan":{"callsign":"Beslan","cat":4,"desc":{"_origin":"","attributes":{"Airfields":true},"category":0,"displayName":"Beslan","life":3600,"typeName":"Beslan"},"id":32,"point":[43.208500987381,44.588922553543,524.00579833984],"runways":[{"Name":10,"course":-1.6326225996017,"length":2842.931640625,"position":{"x":-148590.171875,"y":524.00579833984,"z":843668.625},"width":60}]},"Gelendzhik":{"callsign":"Gelendzhik","cat":4,"desc":{"_origin":"","attributes":{"Airfields":true},"category":0,"displayName":"Gelendzhik","life":3600,"typeName":"Gelendzhik"},"id":17,"point":[44.567674586004,38.004146350528,22.009923934937],"runways":[{"Name":1,"course":-0.69851189851761,"length":1661.8295898438,"position":{"x":-50378.609375,"y":22.009923934937,"z":298406.15625},"width":60}]},"Gudauta":{"callsign":"Gudauta","cat":4,"desc":{"_origin":"","attributes":{"Airfields":true},"category":0,"displayName":"Gudauta","life":3600,"typeName":"Gudauta"},"id":21,"point":[43.124233340197,40.564175768401,21.01003074646],"runways":[{"Name":15,"course":-2.6355042457581,"length":2389.5874023438,"position":{"x":-196710.09375,"y":21.01003074646,"z":516451.6875},"width":60}]},"Kobuleti":{"callsign":"Kobuleti","cat":4,"desc":{"_origin":"","attributes":{"Airfields":true},"category":0,"displayName":"Kobuleti","life":3600,"typeName":"Kobuleti"},"id":24,"point":[41.932105353453,41.876483823101,18.01001739502],"runways":[{"Name":25,"course":1.9193958044052,"length":2257.6027832031,"position":{"x":-317962.3125,"y":18.01001739502,"z":635633},"width":60}]},"Krasnodar-Center":{"callsign":"Krasnodar-Center","cat":4,"desc":{"_origin":"","attributes":{"Airfields":true},"category":0,"displayName":"Krasnodar-Center","life":3600,"typeName":"Krasnodar-Center"},"id":13,"point":[45.087429883845,38.925202300775,30.01003074646],"runways":[{"Name":9,"course":-1.5174421072006,"length":2334.5407714844,"position":{"x":11685.205078125,"y":30.01003074646,"z":367933.5},"width":60}]},"Krasnodar-Pashkovsky":{"callsign":"Krasnodar-Pashkovsky","cat":4,"desc":{"_origin":"","attributes":{"Airfields":true},"category":0,"displayName":"Krasnodar-Pashkovsky","life":3600,"typeName":"Krasnodar-Pashkovsky"},"id":19,"point":[45.046099641543,39.203066906325,34.010036468506],"runways":[{"Name":23,"course":2.3202996253967,"length":2968.3833007813,"position":{"x":7717.6372070313,"y":34.010036468506,"z":387878.8125},"width":60}]},"Krymsk":{"callsign":"Krymsk","cat":4,"desc":{"_origin":"","attributes":{"Airfields":true},"category":0,"displayName":"Krymsk","life":3600,"typeName":"Krymsk"},"id":15,"point":[44.961383022734,37.985886938697,20.010303497314],"runways":[{"Name":4,"course":-0.68974810838699,"length":2052.3518066406,"position":{"x":-6576.5244140625,"y":20.010303497314,"z":294388.125},"width":60}]},"Kutaisi":{"callsign":"Kutaisi","cat":4,"desc":{"_origin":"","attributes":{"Airfields":true},"category":0,"displayName":"Kutaisi","life":3600,"typeName":"Kutaisi"},"id":25,"point":[42.17915393769,42.4956840774,45.010047912598],"runways":[{"Name":25,"course":1.8500648736954,"length":2419.0322265625,"position":{"x":-284887.375,"y":45.010047912598,"z":683858.75},"width":60}]},"Maykop-Khanskaya":{"callsign":"Maykop-Khanskaya","cat":4,"desc":{"_origin":"","attributes":{"Airfields":true},"category":0,"displayName":"Maykop-Khanskaya","life":3600,"typeName":"Maykop-Khanskaya"},"id":16,"point":[44.671440257355,40.021427482236,180.01019287109],"runways":[{"Name":4,"course":-0.68067389726639,"length":3107.6345214844,"position":{"x":-26437.275390625,"y":180.01019287109,"z":458048.84375},"width":60}]},"Mineralnye Vody":{"callsign":"Mineralnye Vody","cat":4,"desc":{"_origin":"","attributes":{"Airfields":true},"category":0,"displayName":"Mineralnye Vody","life":3600,"typeName":"Mineralnye Vody"},"id":26,"point":[44.218646823807,43.100679733081,320.01031494141],"runways":[{"Name":30,"course":1.1290608644485,"length":3754.0329589844,"position":{"x":-51259.984375,"y":320.01031494141,"z":705734},"width":60}]},"Mozdok":{"callsign":"Mozdok","cat":4,"desc":{"_origin":"","attributes":{"Airfields":true},"category":0,"displayName":"Mozdok","life":3600,"typeName":"Mozdok"},"id":28,"point":[43.791303250938,44.620327262102,154.61184692383],"runways":[{"Name":26,"course":1.6987290382385,"length":2357.453125,"position":{"x":-83450.421875,"y":154.61184692383,"z":834461.75},"width":60}]},"Nalchik":{"callsign":"Nalchik","cat":4,"desc":{"_origin":"","attributes":{"Airfields":true},"category":0,"displayName":"Nalchik","life":3600,"typeName":"Nalchik"},"id":27,"point":[43.51007143853,43.625108736098,430.01040649414],"runways":[{"Name":6,"course":-0.96863442659378,"length":2048.4140625,"position":{"x":-124932.171875,"y":430.01040649414,"z":760421.1875},"width":60}]},"Novorossiysk":{"callsign":"Novorossiysk","cat":4,"desc":{"_origin":"","attributes":{"Airfields":true},"category":0,"displayName":"Novorossiysk","life":3600,"typeName":"Novorossiysk"},"id":14,"point":[44.673329604127,37.78622606048,40.010040283203],"runways":[{"Name":22,"course":2.4084095954895,"length":1718.8388671875,"position":{"x":-40917.53515625,"y":40.010040283203,"z":279256.0625},"width":60}]},"Senaki-Kolkhi":{"callsign":"Senaki-Kolkhi","cat":4,"desc":{"_origin":"","attributes":{"Airfields":true},"category":0,"displayName":"Senaki-Kolkhi","life":3600,"typeName":"Senaki-Kolkhi"},"id":23,"point":[42.238728081573,42.061021312856,13.239942550659],"runways":[{"Name":27,"course":1.4886384010315,"length":2211.6474609375,"position":{"x":-281782.46875,"y":13.239942550659,"z":647279.5},"width":60}]},"Sochi-Adler":{"callsign":"Sochi-Adler","cat":4,"desc":{"_origin":"","attributes":{"Airfields":true},"category":0,"displayName":"Sochi-Adler","life":3600,"typeName":"Sochi-Adler"},"id":18,"point":[43.439378434051,39.924231880466,30.010034561157],"runways":[{"Name":6,"course":-1.0819113254547,"length":2952.4521484375,"position":{"x":-164496.46875,"y":30.010034561157,"z":462218.9375},"width":60}]},"Soganlug":{"callsign":"Soganlug","cat":4,"desc":{"_origin":"","attributes":{"Airfields":true},"category":0,"displayName":"Soganlug","life":3600,"typeName":"Soganlug"},"id":30,"point":[41.641163266787,44.947183065317,449.41024780273],"runways":[{"Name":14,"course":0.83329755067825,"length":2399.349609375,"position":{"x":-317828.0625,"y":449.41024780273,"z":895407.1875},"width":60}]},"Sukhumi-Babushara":{"callsign":"Sukhumi-Babushara","cat":4,"desc":{"_origin":"","attributes":{"Airfields":true},"category":0,"displayName":"Sukhumi-Babushara","life":3600,"typeName":"Sukhumi-Babushara"},"id":20,"point":[42.852741071635,41.142447588488,13.338506698608],"runways":[{"Name":30,"course":1.1084893941879,"length":3419.2446289063,"position":{"x":-220592.328125,"y":13.338506698608,"z":564392},"width":60}]},"Tbilisi-Lochini":{"callsign":"Tbilisi-Lochini","cat":4,"desc":{"_origin":"","attributes":{"Airfields":true},"category":0,"displayName":"Tbilisi-Lochini","life":3600,"typeName":"Tbilisi-Lochini"},"id":29,"point":[41.674720064437,44.946875226153,479.69479370117],"runways":[{"Name":13,"course":-2.2334115505219,"length":2344.5847167969,"position":{"x":-315671.0625,"y":479.69479370117,"z":896629.75},"width":60}]},"Vaziani":{"callsign":"Vaziani","cat":4,