{"Port Stanley": {"callsign": "Port Stanley", "cat": 4, "desc": {"_origin": "", "attributes": {"Airfields": true}, "category": 0, "displayName": "Port Stanley", "life": 3600, "typeName": "Port Stanley"}, "id": 1, "point": [-51.686117636878, -57.768161639654, 20.557443618774], "runways": [{"Name": 27, "course": 1.592026591301, "length": 1337.7390136719, "position": {"x": 89025.21875, "y": 20.557443618774, "z": 93868.265625}, "width": 60}]}, "Mount Pleasant": {"callsign": "Mount Pleasant", "cat": 4, "desc": {"_origin": "", "attributes": {"Airfields": true}, "category": 0, "displayName": "Mount Pleasant", "life": 3600, "typeName": "Mount Pleasant"}, "id": 2, "point": [-51.817980450561, -58.472047399798, 74.138076782227], "runways": [{"Name": 10, "course": -1.8169397115707, "length": 2061.4177246094, "position": {"x": 73318.3203125, "y": 74.138076782227, "z": 47168.75}, "width": 60}, {"Name": 28, "course": 2.1978785991669, "length": 2061.4177246094, "position": {"x": 73386.078125, "y": 74.138076782227, "z": 48363.4765625}, "width": 60}]}, "San Carlos FOB": {"callsign": "San Carlos FOB", "cat": 4, "desc": {"_origin": "", "attributes": {"Airfields": true}, "category": 0, "displayName": "San Carlos FOB", "life": 3600, "typeName": "San Carlos FOB"}, "id": 3, "point": [-51.502039629781, -59.00282194056, 19.966632843018], "runways": [{"Name": 11, "course": 1.2511963844299, "length": 329.1279296875, "position": {"x": 107939.375, "y": 19.966632843018, "z": 8484.390625}, "width": 20}]}, "Rio Gallegos": {"callsign": "Rio Gallegos", "cat": 4, "desc": {"_origin": "", "attributes": {"Airfields": true}, "category": 0, "displayName": "Rio Gallegos", "life": 3600, "typeName": "Rio Gallegos"}, "id": 5, "point": [-51.608003842351, -69.289204778116, 15.454774856567], "runways": [{"Name": 25, "course": 1.8175930976868, "length": 3226.578125, "position": {"x": 25718.330078125, "y": 15.454774856567, "z": -703408.25}, "width": 60}]}, "Rio Grande": {"callsign": "Rio Grande", "cat": 4, "desc": {"_origin": "", "attributes": {"Airfields": true}, "category": 0, "displayName": "Rio Grande", "life": 3600, "typeName": "Rio Grande"}, "id": 6, "point": [-53.777683283628, -67.763501060719, 18.52179145813], "runways": [{"Name": 8, "course": -1.3749927282333, "length": 1805.2451171875, "position": {"x": -197144.46875, "y": 18.52179145813, "z": -559487.5625}, "width": 45}]}, "Ushuaia": {"callsign": "Ushuaia", "cat": 4, "desc": {"_origin": "", "attributes": {"Airfields": true}, "category": 0, "displayName": "Ushuaia", "life": 3600, "typeName": "Ushuaia"}, "id": 7, "point": [-54.843736422025, -68.313832487555, 18.499269485474], "runways": [{"Name": 7, "course": -1.3417385816574, "length": 2326.0673828125, "position": {"x": -320586.6875, "y": 18.499269485474, "z": -576144.75}, "width": 60}]}, "Ushuaia Helo Port": {"callsign": "Ushuaia Helo Port", "cat": 4, "desc": {"_origin": "", "attributes": {"Airfields": true}, "category": 0, "displayName": "Ushuaia Helo Port", "life": 3600, "typeName": "Ushuaia Helo Port"}, "id": 8, "point": [-54.815912384167, -68.303936450893, 12.843914031982], "runways": [{"Name": 16, "course": -2.9620893001556, "length": 1547.2668457031, "position": {"x": -318409.5625, "y": 12.843914031982, "z": -577046.9375}, "width": 50}]}, "Punta Arenas": {"callsign": "Punta Arenas", "cat": 4, "desc": {"_origin": "", "attributes": {"Airfields": true}, "category": 0, "displayName": "Punta Arenas", "life": 3600, "typeName": "Punta Arenas"}, "id": 9, "point": [-53.012694337599, -70.847155442369, 37.381149291992], "runways": [{"Name": 30, "course": 0.91146016120911, "length": 2083.2844238281, "position": {"x": -147785.3125, "y": 37.381149291992, "z": -779608.5625}, "width": 20}, {"Name": 12, "course": 1.7867405414581, "length": 2083.2844238281, "position": {"x": -147226.375, "y": 37.381149291992, "z": -779469.5}, "width": 20}, {"Name": 25, "course": 2.8340494632721, "length": 2660.4165039062, "position": {"x": -147214.96875, "y": 37.381149291992, "z": -779151.375}, "width": 20}]}, "Pampa Guanaco": {"callsign": "Pampa Guanaco", "cat": 4, "desc": {"_origin": "", "attributes": {"Airfields": true}, "category": 0, "displayName": "Pampa Guanaco", "life": 3600, "typeName": "Pampa Guanaco"}, "id": 10, "point": [-54.050235516443, -68.803567106006, 158.37510681152], "runways": [{"Name": 26, "course": 1.7418777942657, "length": 716.14227294922, "position": {"x": -238408.34375, "y": 158.37510681152, "z": -623775}, "width": 45}]}, "San Julian": {"callsign": "San Julian", "cat": 4, "desc": {"_origin": "", "attributes": {"Airfields": true}, "category": 0, "displayName": "San Julian", "life": 3600, "typeName": "San Julian"}, "id": 11, "point": [-49.305371864521, -67.78993821762, 44.000045776367], "runways": [{"Name": 25, "course": 1.9029165506363, "length": 1895.5217285156, "position": {"x": 297477.75, "y": 44.000045776367, "z": -636918.125}, "width": 45}]}, "Puerto Williams": {"callsign": "Puerto Williams", "cat": 4, "desc": {"_origin": "", "attributes": {"Airfields": true}, "category": 0, "displayName": "Puerto Williams", "life": 3600, "typeName": "Puerto Williams"}, "id": 12, "point": [-54.93062328632, -67.636408605953, 13.99996471405], "runways": [{"Name": 8, "course": -1.4352468252182, "length": 1314.4318847656, "position": {"x": -323519.34375, "y": 13.99996471405, "z": -531926.1875}, "width": 45}]}, "Puerto Natales": {"callsign": "Puerto Natales", "cat": 4, "desc": {"_origin": "", "attributes": {"Airfields": true}, "category": 0, "displayName": "Puerto Natales", "life": 3600, "typeName": "Puerto Natales"}, "id": 13, "point": [-51.674476117956, -72.5184341595, 66.136604309082], "runways": [{"Name": 28, "course": 1.2667905092239, "length": 1609.8181152344, "position": {"x": -24058.357421875, "y": 66.136604309082, "z": -923008.125}, "width": 45}]}, "El Calafate": {"callsign": "El Calafate", "cat": 4, "desc": {"_origin": "", "attributes": {"Airfields": true}, "category": 0, "displayName": "El Calafate", "life": 3600, "typeName": "El Calafate"}, "id": 14, "point": [-50.279554751977, -72.036792945203, 199.63879394531], "runways": [{"Name": 25, "course": 1.8679307699203, "length": 2310.1730957031, "position": {"x": 136356.9375, "y": 199.63879394531, "z": -922478}, "width": 60}]}}