{"Rota Intl": {"callsign": "Rota Intl", "cat": 4, "desc": {"_origin": "", "attributes": {"Airfields": true}, "category": 0, "displayName": "Rota Intl", "life": 3600, "typeName": "Rota Intl"}, "id": 1, "point": [14.174905098823, 145.23248560973, 173.38017272949], "runways": [{"Name": 9, "course": -1.6094254255295, "length": 1861.0954589844, "position": {"x": 75884.859375, "y": 173.38017272949, "z": 48589.875}, "width": 60}]}, "Saipan Intl": {"callsign": "Saipan Intl", "cat": 4, "desc": {"_origin": "", "attributes": {"Airfields": true}, "category": 0, "displayName": "Saipan Intl", "life": 3600, "typeName": "Saipan Intl"}, "id": 2, "point": [15.115121634075, 145.71879827825, 65.000068664551], "runways": [{"Name": 7, "course": -1.1885718107224, "length": 2374.4230957031, "position": {"x": 180035.4375, "y": 65.000068664551, "z": 101855.9609375}, "width": 60}]}, "Tinian Intl": {"callsign": "Tinian Intl", "cat": 4, "desc": {"_origin": "", "attributes": {"Airfields": true}, "category": 0, "displayName": "Tinian Intl", "life": 3600, "typeName": "Tinian Intl"}, "id": 3, "point": [14.997429376954, 145.60830605924, 73.154266357422], "runways": [{"Name": 8, "course": -1.3863915205002, "length": 2370.6965332031, "position": {"x": 166859.859375, "y": 73.154266357422, "z": 89956.625}, "width": 60}]}, "Antonio B. Won Pat Intl": {"callsign": "Antonio B. Won Pat Intl", "cat": 4, "desc": {"_origin": "", "attributes": {"Airfields": true}, "category": 0, "displayName": "Antonio B. Won Pat Intl", "life": 3600, "typeName": "Antonio B. Won Pat Intl"}, "id": 4, "point": [13.479569370694, 144.78477470703, 77.79207611084], "runways": [{"Name": 6, "course": -1.14269053936, "length": 2852.7629394531, "position": {"x": -23.656127929688, "y": 77.79207611084, "z": -77.940307617188}, "width": 60}, {"Name": 24, "course": -1.1422345638275, "length": 2852.7629394531, "position": {"x": -294.1178894043, "y": 77.79207611084, "z": -154.8974609375}, "width": 60}]}, "Olf Orote": {"callsign": "Olf Orote", "cat": 4, "desc": {"_origin": "", "attributes": {"Airfields": true}, "category": 0, "displayName": "Olf Orote", "life": 3600, "typeName": "Olf Orote"}, "id": 5, "point": [13.4398309259, 144.64680955858, 28.506044387817], "runways": [{"Name": 25, "course": 1.9677163362503, "length": 1052.1625976562, "position": {"x": -5023.3046875, "y": 28.506044387817, "z": -16869.435546875}, "width": 45}]}, "Andersen AFB": {"callsign": "Andersen AFB", "cat": 4, "desc": {"_origin": "", "attributes": {"Airfields": true}, "category": 0, "displayName": "Andersen AFB", "life": 3600, "typeName": "Andersen AFB"}, "id": 6, "point": [13.57604707035, 144.91745889539, 166.12214660645], "runways": [{"Name": 6, "course": -1.1583703756332, "length": 3197.4418945312, "position": {"x": 10574.990234375, "y": 166.12214660645, "z": 14548.833984375}, "width": 60}, {"Name": 24, "course": -1.1584078073502, "length": 3197.4418945312, "position": {"x": 11089.849609375, "y": 166.12214660645, "z": 14365.798828125}, "width": 60}]}, "Pagan Airstrip": {"callsign": "Pagan Airstrip", "cat": 4, "desc": {"_origin": "", "attributes": {"Airfields": true}, "category": 0, "displayName": "Pagan Airstrip", "life": 3600, "typeName": "Pagan Airstrip"}, "id": 7, "point": [18.12420628516, 145.76106359949, 15.308205604553], "runways": [{"Name": 11, "course": -1.9427622556686, "length": 495.34295654297, "position": {"x": 512410.25, "y": 15.308205604553, "z": 107564.609375}, "width": 50}]}, "North West Field": {"callsign": "North West Field", "cat": 4, "desc": {"_origin": "", "attributes": {"Airfields": true}, "category": 0, "displayName": "North West Field", "life": 3600, "typeName": "North West Field"}, "id": 8, "point": [13.629365787313, 144.86661164669, 159.00015258789], "runways": []}}