{"Creech": {"callsign": "Creech", "cat": 4, "desc": {"_origin": "", "attributes": {"Airfields": true}, "category": 0, "displayName": "Creech", "life": 3600, "typeName": "Creech"}, "id": 1, "point": [36.584429875554, -115.68681060569, 952.94458007812], "runways": [{"Name": 8, "course": -1.597741484642, "length": 1859.3155517578, "position": {"x": -360507.1875, "y": 952.94458007812, "z": -75590.0703125}, "width": 60}, {"Name": 26, "course": -2.5331676006317, "length": 1859.3155517578, "position": {"x": -359739.875, "y": 952.94458007812, "z": -75289.5078125}, "width": 60}]}, "Groom Lake": {"callsign": "Groom Lake", "cat": 4, "desc": {"_origin": "", "attributes": {"Airfields": true}, "category": 0, "displayName": "Groom Lake", "life": 3600, "typeName": "Groom Lake"}, "id": 2, "point": [37.21913894289, -115.78531067518, 1369.8676757812], "runways": [{"Name": 32, "course": 0.41125798225403, "length": 3355.2507324219, "position": {"x": -288604.6875, "y": 1369.8676757812, "z": -86870.4453125}, "width": 60}]}, "McCarran International": {"callsign": "McCarran International", "cat": 4, "desc": {"_origin": "", "attributes": {"Airfields": true}, "category": 0, "displayName": "McCarran International", "life": 3600, "typeName": "McCarran International"}, "id": 3, "point": [36.076670073498, -115.16219006293, 661.37609863281], "runways": [{"Name": 7, "course": -1.5510839223862, "length": 3163.0314941406, "position": {"x": -416011.375, "y": 661.37609863281, "z": -26929.3359375}, "width": 60}, {"Name": 25, "course": -1.5512491464615, "length": 3163.0314941406, "position": {"x": -416316.0625, "y": 661.37609863281, "z": -26833.4921875}, "width": 60}]}, "Nellis": {"callsign": "Nellis", "cat": 4, "desc": {"_origin": "", "attributes": {"Airfields": true}, "category": 0, "displayName": "Nellis", "life": 3600, "typeName": "Nellis"}, "id": 4, "point": [36.225662018016, -115.04380774353, 561.30914306641], "runways": [{"Name": 3, "course": -0.70031100511551, "length": 2876.6762695312, "position": {"x": -398195.375, "y": 561.30914306641, "z": -17233.236328125}, "width": 60}, {"Name": 21, "course": -0.70050585269928, "length": 2876.6762695312, "position": {"x": -398000.375, "y": 561.30914306641, "z": -17467.23828125}, "width": 60}]}, "Beatty": {"callsign": "Beatty", "cat": 4, "desc": {"_origin": "", "attributes": {"Airfields": true}, "category": 0, "displayName": "Beatty", "life": 3600, "typeName": "Beatty"}, "id": 5, "point": [36.868394298081, -116.78608313042, 967.13366699219], "runways": [{"Name": 16, "course": -3.1391150951385, "length": 1639.951171875, "position": {"x": -330553.625, "y": 967.13366699219, "z": -174958.53125}, "width": 20}]}, "Boulder City": {"callsign": "Boulder City", "cat": 4, "desc": {"_origin": "", "attributes": {"Airfields": true}, "category": 0, "displayName": "Boulder City", "life": 3600, "typeName": "Boulder City"}, "id": 6, "point": [35.943681644578, -114.86055178579, 646.66363525391], "runways": [{"Name": 33, "course": 0.27873066067696, "length": 1128.5063476562, "position": {"x": -429660.09375, "y": 646.66363525391, "z": -1148.7244873047}, "width": 20}, {"Name": 15, "course": 1.4227820634842, "length": 1128.5063476562, "position": {"x": -429914.8125, "y": 646.66363525391, "z": -1078.7415771484}, "width": 20}]}, "Echo Bay": {"callsign": "Echo Bay", "cat": 4, "desc": {"_origin": "", "attributes": {"Airfields": true}, "category": 0, "displayName": "Echo Bay", "life": 3600, "typeName": "Echo Bay"}, "id": 7, "point": [36.310471394437, -114.46933764146, 472.03369140625], "runways": [{"Name": 6, "course": -1.3506362438202, "length": 984.02569580078, "position": {"x": -388592.34375, "y": 472.03369140625, "z": 33697.3125}, "width": 20}]}, "Henderson Executive": {"callsign": "Henderson Executive", "cat": 4, "desc": {"_origin": "", "attributes": {"Airfields": true}, "category": 0, "displayName": "Henderson Executive", "life": 3600, "typeName": "Henderson Executive"}, "id": 8, "point": [35.96746878808, -115.13347108341, 759.43688964844], "runways": [{"Name": 35, "course": 0.0084149222820997, "length": 1448.8039550781, "position": {"x": -427352.71875, "y": 759.43688964844, "z": -25668.716796875}, "width": 60}, {"Name": 17, "course": 0.0087440079078078, "length": 1448.8039550781, "position": {"x": -427605.40625, "y": 759.43688964844, "z": -25878.82421875}, "width": 60}]}, "Jean": {"callsign": "Jean", "cat": 4, "desc": {"_origin": "", "attributes": {"Airfields": true}, "category": 0, "displayName": "Jean", "life": 3600, "typeName": "Jean"}, "id": 9, "point": [35.773785550964, -115.32570272555, 860.87591552734], "runways": [{"Name": 20, "course": 2.6065623760223, "length": 1235.3557128906, "position": {"x": -450392.875, "y": 860.87591552734, "z": -43000.4609375}, "width": 20}, {"Name": 2, "course": 2.6064193248749, "length": 1235.3557128906, "position": {"x": -450523.59375, "y": 860.87591552734, "z": -42971.171875}, "width": 20}]}, "Laughlin": {"callsign": "Laughlin", "cat": 4, "desc": {"_origin": "", "attributes": {"Airfields": true}, "category": 0, "displayName": "Laughlin", "life": 3600, "typeName": "Laughlin"}, "id": 10, "point": [35.165905267476, -114.55986431857, 200.00019836426], "runways": [{"Name": 16, "course": -3.0549499988556, "length": 2176.0114746094, "position": {"x": -516946.4375, "y": 200.00019836426, "z": 28306.30859375}, "width": 60}]}, "Lincoln County": {"callsign": "Lincoln County", "cat": 4, "desc": {"_origin": "", "attributes": {"Airfields": true}, "category": 0, "displayName": "Lincoln County", "life": 3600, "typeName": "Lincoln County"}, "id": 11, "point": [37.793389585399, -114.41923699635, 1467.6899414062], "runways": [{"Name": 17, "course": 3.1253848075867, "length": 1343.6921386719, "position": {"x": -224670.34375, "y": 1467.6899414062, "z": 33199.9375}, "width": 20}]}, "Mesquite": {"callsign": "Mesquite", "cat": 4, "desc": {"_origin": "", "attributes": {"Airfields": true}, "category": 0, "displayName": "Mesquite", "life": 3600, "typeName": "Mesquite"}, "id": 13, "point": [36.827345248734, -114.06033514493, 566.48736572266], "runways": [{"Name": 1, "course": -0.48182135820389, "length": 1504.9615478516, "position": {"x": -329622.09375, "y": 566.48736572266, "z": 68561.1484375}, "width": 20}]}, "Mina": {"callsign": "Mina", "cat": 4, "desc": {"_origin": "", "attributes": {"Airfields": true}, "category": 0, "displayName": "Mina", "life": 3600, "typeName": "Mina"}, "id": 14, "point": [38.374546852088, -118.09349931622, 1390.5122070312], "runways": [{"Name": 13, "course": 0.4801319539547, "length": 1287.0180664062, "position": {"x": -161504.46875, "y": 1390.5122070312, "z": -289784.75}, "width": 60}]}, "North Las Vegas": {"callsign": "North Las Vegas", "cat": 4, "desc": {"_origin": "", "attributes": {"Airfields": true}, "category": 0, "displayName": "North Las Vegas", "life": 3600, "typeName": "North Las Vegas"}, "id": 15, "point": [36.213364566271, -115.18673756618, 679.27984619141], "runways": [{"Name": 25, "course": 1.6145349740982, "length": 1442.9757080078, "position": {"x": -400891.5, "y": 679.27984619141, "z": -31726.953125}, "width": 20}, {"Name": 7, "course": 0.81430453062057, "length": 1442.9757080078, "position": {"x": -401271.71875, "y": 679.27984619141, "z": -31906.73046875}, "width": 20}, {"Name": 30, "course": -2.3266966342926, "length": 1362.8685302734, "position": {"x": -401445.4375, "y": 679.27984619141, "z": -31412.177734375}, "width": 20}]}, "Pahute Mesa": {"callsign": "Pahute Mesa", "cat": 4, "desc": {"_origin": "", "attributes": {"Airfields": true}, "category": 0, "displayName": "Pahute Mesa", "life": 3600, "typeName": "Pahute Mesa"}, "id": 16, "point": [37.094831346541, -116.31539962949, 1541.3635253906], "runways": [{"Name": 36, "course": -0.23457318544388, "length": 1652.0565185547, "position": {"x": -303620, "y": 1541.3635253906, "z": -132937.9375}, "width": 60}]}, "Tonopah": {"callsign": "Tonopah", "cat": 4, "desc": {"_origin": "", "attributes": {"Airfields": true}, "category": 0, "displayName": "Tonopah",