{"Saint Pierre du Mont": {"callsign": "Saint Pierre du Mont", "cat": 4, "desc": {"_origin": "", "attributes": {"Airfields": true}, "category": 0, "displayName": "Saint Pierre du Mont", "life": 3600, "typeName": "Saint Pierre du Mont"}, "id": 1, "point": [49.389798010651, -0.94718266342205, 31.479330062866], "runways": [{"Name": 27, "course": 1.5300643444061, "length": 1444.0493164062, "position": {"x": -11938.055664062, "y": 31.479330062866, "z": -47277.98828125}, "width": 30}]}, "Lignerolles": {"callsign": "Lignerolles", "cat": 4, "desc": {"_origin": "", "attributes": {"Airfields": true}, "category": 0, "displayName": "Lignerolles", "life": 3600, "typeName": "Lignerolles"}, "id": 2, "point": [49.177205679543, -0.7958757334612, 123.42208099365], "runways": [{"Name": 11, "course": -1.9191406965256, "length": 1047.3250732422, "position": {"x": -35526.0625, "y": 123.42208099365, "z": -34407.23828125}, "width": 30}]}, "Cretteville": {"callsign": "Cretteville", "cat": 4, "desc": {"_origin": "", "attributes": {"Airfields": true}, "category": 0, "displayName": "Cretteville", "life": 3600, "typeName": "Cretteville"}, "id": 3, "point": [49.332240012696, -1.3723779380226, 28.970609664917], "runways": [{"Name": 31, "course": 0.87307965755463, "length": 1400.4796142578, "position": {"x": -18675.58203125, "y": 28.970609664917, "z": -77791.1640625}, "width": 30}]}, "Maupertus": {"callsign": "Maupertus", "cat": 4, "desc": {"_origin": "", "attributes": {"Airfields": true}, "category": 0, "displayName": "Maupertus", "life": 3600, "typeName": "Maupertus"}, "id": 4, "point": [49.648178828944, -1.4571358571432, 134.4774017334], "runways": [{"Name": 28, "course": 1.3829528093338, "length": 1461.7683105469, "position": {"x": 16010.68359375, "y": 134.4774017334, "z": -84863.21875}, "width": 30}]}, "Brucheville": {"callsign": "Brucheville", "cat": 4, "desc": {"_origin": "", "attributes": {"Airfields": true}, "category": 0, "displayName": "Brucheville", "life": 3600, "typeName": "Brucheville"}, "id": 5, "point": [49.366981077377, -1.2230279213479, 13.913147926331], "runways": [{"Name": 7, "course": -1.1503900289536, "length": 1040.3392333984, "position": {"x": -14857, "y": 13.913147926331, "z": -66027.34375}, "width": 30}]}, "Meautis": {"callsign": "Meautis", "cat": 4, "desc": {"_origin": "", "attributes": {"Airfields": true}, "category": 0, "displayName": "Meautis", "life": 3600, "typeName": "Meautis"}, "id": 6, "point": [49.282648343461, -1.3081396300953, 25.325466156006], "runways": [{"Name": 8, "course": -1.3921202421188, "length": 1170.64453125, "position": {"x": -24484.185546875, "y": 25.325466156006, "z": -71902.109375}, "width": 30}]}, "Cricqueville-en-Bessin": {"callsign": "Cricqueville-en-Bessin", "cat": 4, "desc": {"_origin": "", "attributes": {"Airfields": true}, "category": 0, "displayName": "Cricqueville-en-Bessin", "life": 3600, "typeName": "Cricqueville-en-Bessin"}, "id": 7, "point": [49.369319237096, -1.0072100114739, 24.763647079468], "runways": [{"Name": 17, "course": -3.0135357379913, "length": 1054.5084228516, "position": {"x": -14917.4609375, "y": 24.763647079468, "z": -50815.859375}, "width": 30}]}, "Lessay": {"callsign": "Lessay", "cat": 4, "desc": {"_origin": "", "attributes": {"Airfields": true}, "category": 0, "displayName": "Lessay", "life": 3600, "typeName": "Lessay"}, "id": 8, "point": [49.204178350976, -1.4934234355577, 20.000019073486], "runways": [{"Name": 24, "course": 2.0502116680145, "length": 1397.5886230469, "position": {"x": -33862.59375, "y": 20.000019073486, "z": -86418.0078125}, "width": 30}, {"Name": 6, "course": 0.97664374113083, "length": 1397.5886230469, "position": {"x": -33811.91796875, "y": 20.000019073486, "z": -86866.515625}, "width": 30}]}, "Sainte-Laurent-sur-Mer": {"callsign": "Sainte-Laurent-sur-Mer", "cat": 4, "desc": {"_origin": "", "attributes": {"Airfields": true}, "category": 0, "displayName": "Sainte-Laurent-sur-Mer", "life": 3600, "typeName": "Sainte-Laurent-sur-Mer"}, "id": 9, "point": [49.36675380539, -0.8824032643885, 44.444278717041], "runways": [{"Name": 11, "course": -1.8743518590927, "length": 1390.2296142578, "position": {"x": -14665.532226562, "y": 44.444278717041, "z": -41130.953125}, "width": 30}]}, "Biniville": {"callsign": "Biniville", "cat": 4, "desc": {"_origin": "", "attributes": {"Airfields": true}, "category": 0, "displayName": "Biniville", "life": 3600, "typeName": "Biniville"}, "id": 10, "point": [49.440505741062, -1.4731015058198, 32.471389770508], "runways": [{"Name": 14, "course": -2.4446365833282, "length": 1031.3837890625, "position": {"x": -7680.4287109375, "y": 32.471389770508, "z": -84527}, "width": 30}]}, "Cardonville": {"callsign": "Cardonville", "cat": 4, "desc": {"_origin": "", "attributes": {"Airfields": true}, "category": 0, "displayName": "Cardonville", "life": 3600, "typeName": "Cardonville"}, "id": 11, "point": [49.34523486575, -1.0474283884291, 30.951379776001], "runways": [{"Name": 33, "course": 0.452666670084, "length": 1384.3641357422, "position": {"x": -16508.69921875, "y": 30.951379776001, "z": -53979.5390625}, "width": 30}]}, "Deux Jumeaux": {"callsign": "Deux Jumeaux", "cat": 4, "desc": {"_origin": "", "attributes": {"Airfields": true}, "category": 0, "displayName": "Deux Jumeaux", "life": 3600, "typeName": "Deux Jumeaux"}, "id": 12, "point": [49.345278583008, -0.97161044424325, 37.679191589355], "runways": [{"Name": 28, "course": 1.3116118907928, "length": 1410.841796875, "position": {"x": -16784.44921875, "y": 37.679191589355, "z": -48871.49609375}, "width": 30}]}, "Chippelle": {"callsign": "Chippelle", "cat": 4, "desc": {"_origin": "", "attributes": {"Airfields": true}, "category": 0, "displayName": "Chippelle", "life": 3600, "typeName": "Chippelle"}, "id": 13, "point": [49.2391148928, -0.98038615665025, 38.041233062744], "runways": [{"Name": 6, "course": -1.0460866689682, "length": 1415.30859375, "position": {"x": -28484.01171875, "y": 38.041233062744, "z": -47891.75}, "width": 30}]}, "Beuzeville": {"callsign": "Beuzeville", "cat": 4, "desc": {"_origin": "", "attributes": {"Airfields": true}, "category": 0, "displayName": "Beuzeville", "life": 3600, "typeName": "Beuzeville"}, "id": 14, "point": [49.417372643629, -1.305002879718, 34.831809997559], "runways": [{"Name": 5, "course": -0.85102874040604, "length": 1170.6192626953, "position": {"x": -9213.7080078125, "y": 34.831809997559, "z": -72131.671875}, "width": 30}]}, "Azeville": {"callsign": "Azeville", "cat": 4, "desc": {"_origin": "", "attributes": {"Airfields": true}, "category": 0, "displayName": "Azeville", "life": 3600, "typeName": "Azeville"}, "id": 15, "point": [49.479646014419, -1.324802841581, 22.806873321533], "runways": [{"Name": 7, "course": -1.213325381279, "length": 1081.80859375, "position": {"x": -2525.1923828125, "y": 22.806873321533, "z": -73664.1875}, "width": 30}]}, "Picauville": {"callsign": "Picauville", "cat": 4, "desc": {"_origin": "", "attributes": {"Airfields": true}, "category": 0, "displayName": "Picauville", "life": 3600, "typeName": "Picauville"}, "id": 16, "point": [49.398516941571, -1.418533835482, 22.107479095459], "runways": [{"Name": 11, "course": -1.9171888828278, "length": 1170.6164550781, "position": {"x": -12078.8984375, "y": 22.107479095459, "z": -80241.09375}, "width": 30}]}, "Le Molay": {"callsign": "Le Molay", "cat": 4, "desc": {"_origin": "", "attributes": {"Airfields": true}, "category": 0, "displayName": "Le Molay", "life": 3600, "typeName": "Le Molay"}, "id": 17, "point": [49.265216714199, -0.87589868085048, 31.954740524292], "runways": [{"Name": 22, "course": 2.4228069782257, "length": 1170.6149902344, "position": {"x": -26123.46484375, "y": 31.954740524292, "z": -41403.6484375}, "width": 30}]}, "Longues-sur-Mer": {"callsign": "Longues-sur-Mer", "cat": 4, "desc": {"_origin": "", "attributes": {"Airfields": true}, "category": 0, "displayName": "Longues-sur-Mer", "life": 3600, "typeName": "Longues-sur-Mer"}, "id": 18,