{"Abu Musa Island": {"callsign": "Abu Musa Island", "cat": 4, "desc": {"_origin": "", "attributes": {"Airfields": true}, "category": 0, "displayName": "Abu Musa Island", "life": 3600, "typeName": "Abu Musa Island"}, "id": 1, "point": [25.875041761239, 55.021382072783, 5.0000047683716], "runways": [{"Name": 8, "course": -1.4692361354828, "length": 2321.3757324219, "position": {"x": -31505.2734375, "y": 5.0000047683716, "z": -121335.3125}, "width": 60}]}, "Bandar Abbas Intl": {"callsign": "Bandar Abbas Intl", "cat": 4, "desc": {"_origin": "", "attributes": {"Airfields": true}, "category": 0, "displayName": "Bandar Abbas Intl", "life": 3600, "typeName": "Bandar Abbas Intl"}, "id": 2, "point": [27.203638553985, 56.3703560378, 5.587854385376], "runways": [{"Name": 3, "course": -0.48915511369705, "length": 3547.90625, "position": {"x": 115765.8828125, "y": 5.587854385376, "z": 14257.96875}, "width": 60}]}, "Bandar Lengeh": {"callsign": "Bandar Lengeh", "cat": 4, "desc": {"_origin": "", "attributes": {"Airfields": true}, "category": 0, "displayName": "Bandar Lengeh", "life": 3600, "typeName": "Bandar Lengeh"}, "id": 3, "point": [26.530817420578, 54.813116140778, 24.653238296509], "runways": [{"Name": 8, "course": -1.423687338829, "length": 2324.2919921875, "position": {"x": 41536.40625, "y": 24.653238296509, "z": -140987.328125}, "width": 60}]}, "Al Dhafra AFB": {"callsign": "Al Dhafra AFB", "cat": 4, "desc": {"_origin": "", "attributes": {"Airfields": true}, "category": 0, "displayName": "Al Dhafra AFB", "life": 3600, "typeName": "Al Dhafra AFB"}, "id": 4, "point": [24.25792911231, 54.534202504328, 16.000015258789], "runways": [{"Name": 13, "course": -2.2330610752106, "length": 3475.7932128906, "position": {"x": -211027.78125, "y": 16.000015258789, "z": -173240}, "width": 60}, {"Name": 31, "course": -2.2331273555756, "length": 3475.7932128906, "position": {"x": -212946.265625, "y": 16.000015258789, "z": -172936.46875}, "width": 60}]}, "Dubai Intl": {"callsign": "Dubai Intl", "cat": 4, "desc": {"_origin": "", "attributes": {"Airfields": true}, "category": 0, "displayName": "Dubai Intl", "life": 3600, "typeName": "Dubai Intl"}, "id": 5, "point": [25.248265300858, 55.379295777402, 5.0000047683716], "runways": [{"Name": 30, "course": 1.0105022192001, "length": 3349.6403808594, "position": {"x": -100594.375, "y": 5.0000047683716, "z": -88875.375}, "width": 60}, {"Name": 12, "course": 1.0103738307953, "length": 3349.6403808594, "position": {"x": -101962.296875, "y": 5.0000047683716, "z": -87414.359375}, "width": 60}]}, "Al Maktoum Intl": {"callsign": "Al Maktoum Intl", "cat": 4, "desc": {"_origin": "", "attributes": {"Airfields": true}, "category": 0, "displayName": "Al Maktoum Intl", "life": 3600, "typeName": "Al Maktoum Intl"}, "id": 6, "point": [24.888624487709, 55.174919966811, 37.618499755859], "runways": [{"Name": 30, "course": 1.0124734640121, "length": 3505.3898925781, "position": {"x": -140127.671875, "y": 37.618499755859, "z": -110068.890625}, "width": 60}]}, "Fujairah Intl": {"callsign": "Fujairah Intl", "cat": 4, "desc": {"_origin": "", "attributes": {"Airfields": true}, "category": 0, "displayName": "Fujairah Intl", "life": 3600, "typeName": "Fujairah Intl"}, "id": 7, "point": [25.105735807567, 56.340423943738, 18.52036857605], "runways": [{"Name": 29, "course": 1.1745272874832, "length": 2876.5705566406, "position": {"x": -117531.96875, "y": 18.52036857605, "z": 7939.275390625}, "width": 60}]}, "Tunb Island AFB": {"callsign": "Tunb Island AFB", "cat": 4, "desc": {"_origin": "", "attributes": {"Airfields": true}, "category": 0, "displayName": "Tunb Island AFB", "life": 3600, "typeName": "Tunb Island AFB"}, "id": 8, "point": [26.251538702312, 55.311280020098, 13.000012397766], "runways": [{"Name": 3, "course": -0.4854057431221, "length": 1859.2231445312, "position": {"x": 10515.44140625, "y": 13.000012397766, "z": -92440.328125}, "width": 20}]}, "Havadarya": {"callsign": "Havadarya", "cat": 4, "desc": {"_origin": "", "attributes": {"Airfields": true}, "category": 0, "displayName": "Havadarya", "life": 3600, "typeName": "Havadarya"}, "id": 9, "point": [27.159927526116, 56.183089447173, 15.475476264954], "runways": [{"Name": 26, "course": 1.7615092992783, "length": 2225.2724609375, "position": {"x": 109297.828125, "y": 15.475476264954, "z": -6278.7231445312}, "width": 60}]}, "Khasab": {"callsign": "Khasab", "cat": 4, "desc": {"_origin": "", "attributes": {"Airfields": true}, "category": 0, "displayName": "Khasab", "life": 3600, "typeName": "Khasab"}, "id": 10, "point": [26.179806360704, 56.24317158197, 14.490728378296], "runways": [{"Name": 19, "course": 2.896968126297, "length": 2289.9772949219, "position": {"x": -219.72692871094, "y": 14.490728378296, "z": -177.7077331543}, "width": 20}]}, "Lar": {"callsign": "Lar", "cat": 4, "desc": {"_origin": "", "attributes": {"Airfields": true}, "category": 0, "displayName": "Lar", "life": 3600, "typeName": "Lar"}, "id": 11, "point": [27.674804842122, 54.368317250382, 803.32891845703], "runways": [{"Name": 9, "course": -1.577064871788, "length": 2926.3073730469, "position": {"x": 168977.578125, "y": 803.32891845703, "z": -182359.640625}, "width": 60}]}, "Al Minhad AFB": {"callsign": "Al Minhad AFB", "cat": 4, "desc": {"_origin": "", "attributes": {"Airfields": true}, "category": 0, "displayName": "Al Minhad AFB", "life": 3600, "typeName": "Al Minhad AFB"}, "id": 12, "point": [25.026805920475, 55.383678016973, 58.147457122803], "runways": [{"Name": 27, "course": 1.5707596540451, "length": 3616.6137695312, "position": {"x": -126013.71875, "y": 58.147457122803, "z": -89133.46875}, "width": 60}]}, "Qeshm Island": {"callsign": "Qeshm Island", "cat": 4, "desc": {"_origin": "", "attributes": {"Airfields": true}, "category": 0, "displayName": "Qeshm Island", "life": 3600, "typeName": "Qeshm Island"}, "id": 13, "point": [26.76633161238, 55.918070160223, 8.0288496017456], "runways": [{"Name": 23, "course": 2.2687613964081, "length": 4050.1711425781, "position": {"x": 64800.71484375, "y": 8.0288496017456, "z": -33383.48046875}, "width": 60}]}, "Sharjah Intl": {"callsign": "Sharjah Intl", "cat": 4, "desc": {"_origin": "", "attributes": {"Airfields": true}, "category": 0, "displayName": "Sharjah Intl", "life": 3600, "typeName": "Sharjah Intl"}, "id": 14, "point": [25.322796067752, 55.531388153673, 29.999982833862], "runways": [{"Name": 30, "course": 0.99499994516373, "length": 3166.4343261719, "position": {"x": -92544.09375, "y": 29.999982833862, "z": -73373.6015625}, "width": 60}, {"Name": 12, "course": 0.99541771411896, "length": 3166.4343261719, "position": {"x": -92789.34375, "y": 29.999982833862, "z": -73459.0625}, "width": 60}]}, "Sirri Island": {"callsign": "Sirri Island", "cat": 4, "desc": {"_origin": "", "attributes": {"Airfields": true}, "category": 0, "displayName": "Sirri Island", "life": 3600, "typeName": "Sirri Island"}, "id": 15, "point": [25.903343862392, 54.548214653399, 5.4417409896851], "runways": [{"Name": 30, "course": 0.92083036899567, "length": 2268.7822265625, "position": {"x": -26946.10546875, "y": 5.4417409896851, "z": -170745.015625}, "width": 60}]}, "Tunb Kochak": {"callsign": "Tunb Kochak", "cat": 4, "desc": {"_origin": "", "attributes": {"Airfields": true}, "category": 0, "displayName": "Tunb Kochak", "life": 3600, "typeName": "Tunb Kochak"}, "id": 16, "point": [26.243605485601, 55.149352101732, 4.6347489356995], "runways": [{"Name": 26, "course": 1.7184578180313, "length": 756.40313720703, "position": {"x": 9023.4296875, "y": 4.6347489356995, "z": -109467.078125}, "width": 20}]}, "Sir Abu Nuayr": {"callsign": "Sir Abu Nuayr", "cat": 4, "desc": {"_origin": "", "attributes": {"Airfields": true}, "category": 0, "displayName": "Sir Abu Nuayr", "life": 3600, "typeName": "Sir Abu Nuayr"}, "id": 17, "point": [25.216154518016, 54.23693990531, 7.6827998161316], "runways": [{"Name": 28, "course": 1.4034515619278, "length": 679.58721923828, "position": {"x": -103102.875, "y": 7.6827998161316,