{"Difarsuwar Airfield": {"callsign": "Difarsuwar Airfield", "cat": 4, "desc": {"_origin": "", "attributes": {"Airfields": true}, "category": 0, "displayName": "Difarsuwar Airfield", "life": 3600, "typeName": "Difarsuwar Airfield"}, "id": 1, "point": [30.423828562277, 32.335048697909, 2.0000019073486], "runways": [{"Name": 36, "course": -0.016111198812723, "length": 424.79733276367, "position": {"x": 40837.05078125, "y": 2.0000019073486, "z": 105395.9765625}, "width": 45}, {"Name": 18, "course": 1.5552960634232, "length": 424.79733276367, "position": {"x": 40528.46875, "y": 2.0000019073486, "z": 105650.84375}, "width": 45}]}, "Abu Suwayr": {"callsign": "Abu Suwayr", "cat": 4, "desc": {"_origin": "", "attributes": {"Airfields": true}, "category": 0, "displayName": "Abu Suwayr", "life": 3600, "typeName": "Abu Suwayr"}, "id": 2, "point": [30.570417983294, 32.109822645849, 5.6534752845764], "runways": [{"Name": 29, "course": 1.1833908557892, "length": 2822.2097167969, "position": {"x": 57580.1875, "y": 5.6534752845764, "z": 82564.84375}, "width": 60}, {"Name": 11, "course": 1.5596414804459, "length": 2822.2097167969, "position": {"x": 56989.78125, "y": 5.6534752845764, "z": 82500.0625}, "width": 60}]}, "As Salihiyah": {"callsign": "As Salihiyah", "cat": 4, "desc": {"_origin": "", "attributes": {"Airfields": true}, "category": 0, "displayName": "As Salihiyah", "life": 3600, "typeName": "As Salihiyah"}, "id": 3, "point": [30.783020972132, 32.037799068387, 2.2865109443665], "runways": [{"Name": 2, "course": -0.31419497728348, "length": 2829.0988769531, "position": {"x": 81974.3125, "y": 2.2865109443665, "z": 77620.765625}, "width": 60}, {"Name": 20, "course": -0.31407195329666, "length": 2829.0988769531, "position": {"x": 81876.9375, "y": 2.2865109443665, "z": 78280.828125}, "width": 60}]}, "Al Ismailiyah": {"callsign": "Al Ismailiyah", "cat": 4, "desc": {"_origin": "", "attributes": {"Airfields": true}, "category": 0, "displayName": "Al Ismailiyah", "life": 3600, "typeName": "Al Ismailiyah"}, "id": 4, "point": [30.590080139459, 32.24668362756, 3.5000035762787], "runways": [{"Name": 31, "course": 0.88854396343231, "length": 3021.466796875, "position": {"x": 60078.44921875, "y": 3.5000035762787, "z": 95845.40625}, "width": 60}]}, "Melez": {"callsign": "Melez", "cat": 4, "desc": {"_origin": "", "attributes": {"Airfields": true}, "category": 0, "displayName": "Melez", "life": 3600, "typeName": "Melez"}, "id": 5, "point": [30.401003417138, 33.156202467285, 305.94686889648], "runways": [{"Name": 33, "course": 0.58720833063126, "length": 2335.1237792969, "position": {"x": 38907.09375, "y": 305.94686889648, "z": 183604.53125}, "width": 60}, {"Name": 15, "course": 0.58703106641769, "length": 2335.1237792969, "position": {"x": 38772.02734375, "y": 305.94686889648, "z": 183854.34375}, "width": 60}]}, "Fayed": {"callsign": "Fayed", "cat": 4, "desc": {"_origin": "", "attributes": {"Airfields": true}, "category": 0, "displayName": "Fayed", "life": 3600, "typeName": "Fayed"}, "id": 6, "point": [30.328723193332, 32.282131415295, 8.4882583618164], "runways": [{"Name": 27, "course": 1.5583167076111, "length": 2815.9067382812, "position": {"x": 30164.33203125, "y": 8.4882583618164, "z": 98806.203125}, "width": 60}]}, "Hatzerim": {"callsign": "Hatzerim", "cat": 4, "desc": {"_origin": "", "attributes": {"Airfields": true}, "category": 0, "displayName": "Hatzerim", "life": 3600, "typeName": "Hatzerim"}, "id": 7, "point": [31.235724997339, 34.669682340172, 209.16006469727], "runways": [{"Name": 28, "course": 1.3216638565063, "length": 2222.4328613281, "position": {"x": 131918.421875, "y": 209.16006469727, "z": 327167.53125}, "width": 60}, {"Name": 10, "course": 1.3217306137085, "length": 2222.4328613281, "position": {"x": 130838.359375, "y": 209.16006469727, "z": 327720.6875}, "width": 60}]}, "Nevatim": {"callsign": "Nevatim", "cat": 4, "desc": {"_origin": "", "attributes": {"Airfields": true}, "category": 0, "displayName": "Nevatim", "life": 3600, "typeName": "Nevatim"}, "id": 8, "point": [31.205363057243, 34.995874044725, 397.19345092773], "runways": [{"Name": 8, "course": -1.3228968381882, "length": 3160.5881347656, "position": {"x": 129123.671875, "y": 397.19345092773, "z": 360908}, "width": 60}, {"Name": 26, "course": -1.3231111764908, "length": 3160.5881347656, "position": {"x": 129370.375, "y": 397.19345092773, "z": 360455.125}, "width": 60}, {"Name": 8, "course": -1.323135972023, "length": 2444.2165527344, "position": {"x": 127174.640625, "y": 397.19345092773, "z": 361913.65625}, "width": 60}]}, "Ramon Airbase": {"callsign": "Ramon Airbase", "cat": 4, "desc": {"_origin": "", "attributes": {"Airfields": true}, "category": 0, "displayName": "Ramon Airbase", "life": 3600, "typeName": "Ramon Airbase"}, "id": 9, "point": [30.773346519205, 34.653849887603, 619.02374267578], "runways": [{"Name": 7, "course": -1.153345823288, "length": 2532.953125, "position": {"x": 80825.4375, "y": 619.02374267578, "z": 328661.15625}, "width": 45}, {"Name": 25, "course": -1.1533666849136, "length": 2532.953125, "position": {"x": 80533.0390625, "y": 619.02374267578, "z": 328870.25}, "width": 45}]}, "Ovda": {"callsign": "Ovda", "cat": 4, "desc": {"_origin": "", "attributes": {"Airfields": true}, "category": 0, "displayName": "Ovda", "life": 3600, "typeName": "Ovda"}, "id": 10, "point": [29.930639915861, 34.929106872332, 437.17709350586], "runways": [{"Name": 3, "course": -0.36458569765091, "length": 2455.1589355469, "position": {"x": -11512.65234375, "y": 437.17709350586, "z": 355892.6875}, "width": 60}, {"Name": 21, "course": -0.36454945802689, "length": 2455.1589355469, "position": {"x": -11632.291015625, "y": 437.17709350586, "z": 356224.4375}, "width": 60}]}, "Kibrit Air Base": {"callsign": "Kibrit Air Base", "cat": 4, "desc": {"_origin": "", "attributes": {"Airfields": true}, "category": 0, "displayName": "Kibrit Air Base", "life": 3600, "typeName": "Kibrit Air Base"}, "id": 11, "point": [30.235208931832, 32.500058570759, 4.0000038146973], "runways": [{"Name": 32, "course": 0.76650416851044, "length": 2514.1262207031, "position": {"x": 20567.87890625, "y": 4.0000038146973, "z": 120267.296875}, "width": 45}, {"Name": 14, "course": 0.76642286777496, "length": 2514.1262207031, "position": {"x": 20703.6484375, "y": 4.0000038146973, "z": 120415.9375}, "width": 45}]}, "Kedem": {"callsign": "Kedem", "cat": 4, "desc": {"_origin": "", "attributes": {"Airfields": true}, "category": 0, "displayName": "Kedem", "life": 3600, "typeName": "Kedem"}, "id": 12, "point": [31.258515236062, 34.648415986261, 193.26135253906], "runways": [{"Name": 28, "course": 1.340441942215, "length": 1678.3369140625, "position": {"x": 134332.03125, "y": 193.26135253906, "z": 325363.625}, "width": 45}]}, "Wadi al Jandali": {"callsign": "Wadi al Jandali", "cat": 4, "desc": {"_origin": "", "attributes": {"Airfields": true}, "category": 0, "displayName": "Wadi al Jandali", "life": 3600, "typeName": "Wadi al Jandali"}, "id": 13, "point": [30.05760913971, 31.828304106519, 228.25518798828], "runways": [{"Name": 1, "course": -0.27584344148636, "length": 3448.6520996094, "position": {"x": 2085.3981933594, "y": 228.25518798828, "z": 56774.5234375}, "width": 60}, {"Name": 19, "course": -0.27582198381424, "length": 3448.6520996094, "position": {"x": -446.4192199707, "y": 228.25518798828, "z": 57210.19140625}, "width": 60}]}, "Al Mansurah": {"callsign": "Al Mansurah", "cat": 4, "desc": {"_origin": "", "attributes": {"Airfields": true}, "category": 0, "displayName": "Al Mansurah", "life": 3600, "typeName": "Al Mansurah"}, "id": 14, "point": [30.955645437317, 31.440851709277, 2.0000019073486], "runways": [{"Name": 32, "course": 0.7077534198761, "length": 2769.7292480469, "position": {"x": 101487.53125, "y": 2.0000019073486, "z": 19421.140625}, "width": 60}, {"Name": 14, "course": 0.25111645460129, "length": 2769.7292480469, "position": {"x": 101917.5234375, "y": 2.0000019073486, "z": 19903.71875}, "width": 60}]},