{"Abbeville Drucat": {"callsign": "Abbeville Drucat", "cat": 4, "desc": {"_origin": "", "attributes": {"Airfields": true}, "category": 0, "displayName": "Abbeville Drucat", "life": 3600, "typeName": "Abbeville Drucat"}, "id": 1, "point": [50.149531917406, 1.8362860929554, 56.028057098389], "runways": [{"Name": 20, "course": 2.7363274097443, "length": 1486.6141357422, "position": {"x": -81655.46875, "y": 56.028057098389, "z": 15915.376953125}, "width": 50}, {"Name": 2, "course": 1.5706750154495, "length": 1486.6141357422, "position": {"x": -82671.40625, "y": 56.028057098389, "z": 16885.53515625}, "width": 50}]}, "Merville Calonne": {"callsign": "Merville Calonne", "cat": 4, "desc": {"_origin": "", "attributes": {"Airfields": true}, "category": 0, "displayName": "Merville Calonne", "life": 3600, "typeName": "Merville Calonne"}, "id": 2, "point": [50.615302099484, 2.6433201424095, 16.000015258789], "runways": [{"Name": 32, "course": 0.71035009622574, "length": 1188.6251220703, "position": {"x": -29311.71484375, "y": 16.000015258789, "z": 73776.75}, "width": 50}, {"Name": 14, "course": 1.7795081138611, "length": 1188.6251220703, "position": {"x": -29160.00390625, "y": 16.000015258789, "z": 74920.1328125}, "width": 50}]}, "Saint Omer Longuenesse": {"callsign": "Saint Omer Longuenesse", "cat": 4, "desc": {"_origin": "", "attributes": {"Airfields": true}, "category": 0, "displayName": "Saint Omer Longuenesse", "life": 3600, "typeName": "Saint Omer Longuenesse"}, "id": 3, "point": [50.728779428768, 2.2275923344968, 67.000068664551], "runways": [{"Name": 8, "course": -1.5119603872299, "length": 610.06732177734, "position": {"x": -16951.69140625, "y": 67.000068664551, "z": 45167.6875}, "width": 45}]}, "Dunkirk Mardyck": {"callsign": "Dunkirk Mardyck", "cat": 4, "desc": {"_origin": "", "attributes": {"Airfields": true}, "category": 0, "displayName": "Dunkirk Mardyck", "life": 3600, "typeName": "Dunkirk Mardyck"}, "id": 4, "point": [51.029470822466, 2.2484347681531, 5.0000047683716], "runways": [{"Name": 8, "course": -1.4140980243683, "length": 560.81640625, "position": {"x": 16496.0390625, "y": 5.0000047683716, "z": 46954.35546875}, "width": 45}]}, "Manston": {"callsign": "Manston", "cat": 4, "desc": {"_origin": "", "attributes": {"Airfields": true}, "category": 0, "displayName": "Manston", "life": 3600, "typeName": "Manston"}, "id": 5, "point": [51.344455587934, 1.3279982667496, 49.00025177002], "runways": [{"Name": 10, "course": -1.7848118543625, "length": 2586.3937988281, "position": {"x": 52264.83984375, "y": 49.00025177002, "z": -15815.91796875}, "width": 45}, {"Name": 28, "course": -0.98665797710419, "length": 2586.3937988281, "position": {"x": 52938.58984375, "y": 49.00025177002, "z": -15348.859375}, "width": 45}, {"Name": 4, "course": -1.7855516672134, "length": 1611.9527587891, "position": {"x": 52328.65234375, "y": 49.00025177002, "z": -15800.0703125}, "width": 45}]}, "Hawkinge": {"callsign": "Hawkinge", "cat": 4, "desc": {"_origin": "", "attributes": {"Airfields": true}, "category": 0, "displayName": "Hawkinge", "life": 3600, "typeName": "Hawkinge"}, "id": 6, "point": [51.115113231725, 1.1605724302277, 160.00015258789], "runways": [{"Name": 19, "course": 3.1388094425201, "length": 712.29180908203, "position": {"x": 26989.935546875, "y": 160.00015258789, "z": -29402.578125}, "width": 60}, {"Name": 1, "course": 2.4576451778412, "length": 712.29180908203, "position": {"x": 27003.00390625, "y": 160.00015258789, "z": -29571.40234375}, "width": 60}]}, "Lympne": {"callsign": "Lympne", "cat": 4, "desc": {"_origin": "", "attributes": {"Airfields": true}, "category": 0, "displayName": "Lympne", "life": 3600, "typeName": "Lympne"}, "id": 7, "point": [51.083691076152, 1.0124369664514, 107.00010681152], "runways": [{"Name": 13, "course": -2.3396072387695, "length": 930.91259765625, "position": {"x": 23776.552734375, "y": 107.00010681152, "z": -39519.90625}, "width": 60}]}, "Detling": {"callsign": "Detling", "cat": 4, "desc": {"_origin": "", "attributes": {"Airfields": true}, "category": 0, "displayName": "Detling", "life": 3600, "typeName": "Detling"}, "id": 8, "point": [51.308241263359, 0.60552410588841, 190.00018310547], "runways": [{"Name": 23, "course": 2.3282477855682, "length": 1061.3370361328, "position": {"x": 49594.2421875, "y": 190.00018310547, "z": -67923.3046875}, "width": 60}]}, "Eastchurch": {"callsign": "Eastchurch", "cat": 4, "desc": {"_origin": "", "attributes": {"Airfields": true}, "category": 0, "displayName": "Eastchurch", "life": 3600, "typeName": "Eastchurch"}, "id": 10, "point": [51.390814422965, 0.84044302594886, 12.261972427368], "runways": [{"Name": 28, "course": -1.7004579305649, "length": 909.41394042969, "position": {"x": 58521.96875, "y": 12.261972427368, "z": -50427.828125}, "width": 60}, {"Name": 10, "course": 2.7447440624237, "length": 909.41394042969, "position": {"x": 58594.84375, "y": 12.261972427368, "z": -49947.2734375}, "width": 60}]}, "High Halden": {"callsign": "High Halden", "cat": 4, "desc": {"_origin": "", "attributes": {"Airfields": true}, "category": 0, "displayName": "High Halden", "life": 3600, "typeName": "High Halden"}, "id": 12, "point": [51.122666449012, 0.68734669867666, 32.000030517578], "runways": [{"Name": 11, "course": -1.7865359783173, "length": 922.82232666016, "position": {"x": 28992.265625, "y": 32.000030517578, "z": -62020.10546875}, "width": 45}, {"Name": 29, "course": 2.5968663692474, "length": 922.82232666016, "position": {"x": 29387.9453125, "y": 32.000030517578, "z": -61144.9140625}, "width": 45}]}, "Headcorn": {"callsign": "Headcorn", "cat": 4, "desc": {"_origin": "", "attributes": {"Airfields": true}, "category": 0, "displayName": "Headcorn", "life": 3600, "typeName": "Headcorn"}, "id": 13, "point": [51.182949227001, 0.68148244699714, 35.000034332275], "runways": [{"Name": 10, "course": -1.6156657934189, "length": 1121.7657470703, "position": {"x": 35780.8203125, "y": 35.000034332275, "z": -62104.40625}, "width": 45}, {"Name": 29, "course": -0.21711808443069, "length": 1121.7657470703, "position": {"x": 35681.921875, "y": 35.000034332275, "z": -62265.03125}, "width": 45}]}, "Biggin Hill": {"callsign": "Biggin Hill", "cat": 4, "desc": {"_origin": "", "attributes": {"Airfields": true}, "category": 0, "displayName": "Biggin Hill", "life": 3600, "typeName": "Biggin Hill"}, "id": 14, "point": [51.328410172904, 0.034490518670974, 168.41766357422], "runways": [{"Name": 23, "course": 2.3032472133636, "length": 601.25360107422, "position": {"x": 53454.53515625, "y": 168.41766357422, "z": -107463.625}, "width": 45}, {"Name": 5, "course": 1.2604933977127, "length": 601.25360107422, "position": {"x": 52952.609375, "y": 168.41766357422, "z": -107296.578125}, "width": 45}, {"Name": 30, "course": 2.6528425216675, "length": 684.08502197266, "position": {"x": 53871.83984375, "y": 168.41766357422, "z": -107363.125}, "width": 45}]}}